Actina,1,2,18,1,ADC-ebae-5444,http://images.us.christianlouboutin.com/media/catalog/product/cache/1/thumbnail/1200x/602f0fa2c1f0d1ba5e241f914e856ff9/1/1/8/0/christianlouboutin-logodandelion-1180246_U280_1_1200x1200_1511951334.jpg
Aketata,2,3,19,2,BOB-ebce-5345,http://images.us.christianlouboutin.com/media/catalog/product/cache/1/thumbnail/1200x/602f0fa2c1f0d1ba5e241f914e856ff9/1/1/8/0/christianlouboutin-logodandelion-1180246_U280_1_1200x1200_1511951334.jpg
Alta Top ,3,5,20,1,CAC-ebce-1234,http://images.us.christianlouboutin.com/media/catalog/product/cache/1/thumbnail/1200x/602f0fa2c1f0d1ba5e241f914e856ff9/1/1/8/0/christianlouboutin-logodandelion-1180246_U280_1_1200x1200_1511951334.jpg
Ballalla,5,8,1,2,DBA-ebce-9886,http://images.us.christianlouboutin.com/media/catalog/product/cache/1/thumbnail/1200x/602f0fa2c1f0d1ba5e241f914e856ff9/1/1/8/0/christianlouboutin-logodandelion-1180246_U280_1_1200x1200_1511951334.jpg
Cataclou,3,3,4,2,EEE-ieee-2345,http://images.us.christianlouboutin.com/media/catalog/product/cache/1/thumbnail/1200x/602f0fa2c1f0d1ba5e241f914e856ff9/1/1/8/0/christianlouboutin-logodandelion-1180246_U280_1_1200x1200_1511951334.jpg
Decollete 554,7,1,5,1,FTP-ebce-1234,http://images.us.christianlouboutin.com/media/catalog/product/cache/1/thumbnail/1200x/602f0fa2c1f0d1ba5e241f914e856ff9/1/1/8/0/christianlouboutin-logodandelion-1180246_U280_1_1200x1200_1511951334.jpg
Escarpic,2,8,2,2,GEG-ebce-2342,http://images.us.christianlouboutin.com/media/catalog/product/cache/1/thumbnail/1200x/602f0fa2c1f0d1ba5e241f914e856ff9/1/1/8/0/christianlouboutin-logodandelion-1180246_U280_1_1200x1200_1511951334.jpg
Feerie,6,9,7,1,GHH-ebce-1234,http://images.us.christianlouboutin.com/media/catalog/product/cache/1/thumbnail/1200x/602f0fa2c1f0d1ba5e241f914e856ff9/1/1/8/0/christianlouboutin-logodandelion-1180246_U280_1_1200x1200_1511951334.jpg
Gadessita ,9,11,8,2,EFE-ebce-1234,http://images.us.christianlouboutin.com/media/catalog/product/cache/1/thumbnail/1200x/602f0fa2c1f0d1ba5e241f914e856ff9/1/1/8/0/christianlouboutin-logodandelion-1180246_U280_1_1200x1200_1511951334.jpg
Hargaret,10,11,3,1,JRJ-ebce-1234,http://images.us.christianlouboutin.com/media/catalog/product/cache/1/thumbnail/1200x/602f0fa2c1f0d1ba5e241f914e856ff9/1/1/8/0/christianlouboutin-logodandelion-1180246_U280_1_1200x1200_1511951334.jpg
Iriza,16,12,1,2,KPP-ebce-1234,http://images.us.christianlouboutin.com/media/catalog/product/cache/1/thumbnail/1200x/602f0fa2c1f0d1ba5e241f914e856ff9/1/1/8/0/christianlouboutin-logodandelion-1180246_U280_1_1200x1200_1511951334.jpg
Jonatina,18,1,8,2,LVN-ebce-1234,http://images.us.christianlouboutin.com/media/catalog/product/cache/1/thumbnail/1200x/602f0fa2c1f0d1ba5e241f914e856ff9/1/1/8/0/christianlouboutin-logodandelion-1180246_U280_1_1200x1200_1511951334.jpg
Karistrap,19,3,9,1,MLP-ebce-1234,http://images.us.christianlouboutin.com/media/catalog/product/cache/1/thumbnail/1200x/602f0fa2c1f0d1ba5e241f914e856ff9/1/1/8/0/christianlouboutin-logodandelion-1180246_U280_1_1200x1200_1511951334.jpg
Lady Peep,20,6,11,2,MTG-ebce-1234,http://images.us.christianlouboutin.com/media/catalog/product/cache/1/thumbnail/1200x/602f0fa2c1f0d1ba5e241f914e856ff9/1/1/8/0/christianlouboutin-logodandelion-1180246_U280_1_1200x1200_1511951334.jpg
Marilla,1,4,25,1,OTP-ebce-1234,http://images.us.christianlouboutin.com/media/catalog/product/cache/1/thumbnail/1200x/602f0fa2c1f0d1ba5e241f914e856ff9/1/1/8/0/christianlouboutin-logodandelion-1180246_U280_1_1200x1200_1511951334.jpg
New Simple Pump,4,3,24,2,PQR-ebce-1234,http://images.us.christianlouboutin.com/media/catalog/product/cache/1/thumbnail/1200x/602f0fa2c1f0d1ba5e241f914e856ff9/1/1/8/0/christianlouboutin-logodandelion-1180246_U280_1_1200x1200_1511951334.jpg
Octavian Mula,5,7,20,1,QTP-ebce-1234,http://images.us.christianlouboutin.com/media/catalog/product/cache/1/thumbnail/1200x/602f0fa2c1f0d1ba5e241f914e856ff9/1/1/8/0/christianlouboutin-logodandelion-1180246_U280_1_1200x1200_1511951334.jpg
Pigalle Follies,2,3,7,2,IRS-ebce-1234,http://images.us.christianlouboutin.com/media/catalog/product/cache/1/thumbnail/1200x/602f0fa2c1f0d1ba5e241f914e856ff9/1/1/8/0/christianlouboutin-logodandelion-1180246_U280_1_1200x1200_1511951334.jpg
Roxxxy Strass ,7,12,2,1,STP-smtp-1234,http://images.us.christianlouboutin.com/media/catalog/product/cache/1/thumbnail/1200x/602f0fa2c1f0d1ba5e241f914e856ff9/1/1/8/0/christianlouboutin-logodandelion-1180246_U280_1_1200x1200_1511951334.jpg
Simple Pump ,20,12,6,2,ITT-tech-5343,http://images.us.christianlouboutin.com/media/catalog/product/cache/1/thumbnail/1200x/602f0fa2c1f0d1ba5e241f914e856ff9/1/1/8/0/christianlouboutin-logodandelion-1180246_U280_1_1200x1200_1511951334.jpg
So Kate ,8,12,9,2,UHU-uhdt-2333,http://images.us.christianlouboutin.com/media/catalog/product/cache/1/thumbnail/1200x/602f0fa2c1f0d1ba5e241f914e856ff9/1/1/8/0/christianlouboutin-logodandelion-1180246_U280_1_1200x1200_1511951334.jpg
Tamila,4,12,10,2,VET-ebce-0655,http://images.us.christianlouboutin.com/media/catalog/product/cache/1/thumbnail/1200x/602f0fa2c1f0d1ba5e241f914e856ff9/1/1/8/0/christianlouboutin-logodandelion-1180246_U280_1_1200x1200_1511951334.jpg
Une Plume Sling,4,5,3,1,WWW-nssl-6666,http://images.us.christianlouboutin.com/media/catalog/product/cache/1/thumbnail/1200x/602f0fa2c1f0d1ba5e241f914e856ff9/1/1/8/0/christianlouboutin-logodandelion-1180246_U280_1_1200x1200_1511951334.jpg
Vieira,3,4,4,2,XXX-ebce-2341,http://images.us.christianlouboutin.com/media/catalog/product/cache/1/thumbnail/1200x/602f0fa2c1f0d1ba5e241f914e856ff9/1/1/8/0/christianlouboutin-logodandelion-1180246_U280_1_1200x1200_1511951334.jpg
Yasling,7,6,4,1,ACE-ebce-0999,http://images.us.christianlouboutin.com/media/catalog/product/cache/1/thumbnail/1200x/602f0fa2c1f0d1ba5e241f914e856ff9/1/1/8/0/christianlouboutin-logodandelion-1180246_U280_1_1200x1200_1511951334.jpg
